{
  "p_init": 0.3,
  "p_learn": 0.2,
  "p_slip": 0.1,
  "p_guess": 0.2,
  "mastery": {
    "37": 0.24067796610169492,
    "54": 0.24067796610169492
  },
  "attempts": {
    "37": 1,
    "54": 1
  }
}